iso3,entity_source,entity_slug,agency,rating_date_raw,rating_date,rating_raw,outlook_raw,rating_scope,source_name,source_url
ABW,Aruba,aruba,Moody's,Apr 27 2026,2026-04-27,Baa3,Positive,government_long_term,Trading Economics public website,https://tradingeconomics.com/aruba/rating
ABW,Aruba,aruba,S&P,Mar 24 2025,2025-03-24,BBB+,Stable,government_long_term,Trading Economics public website,https://tradingeconomics.com/aruba/rating
ABW,Aruba,aruba,Moody's,May 24 2024,2024-05-24,Baa3,Stable,government_long_term,Trading Economics public website,https://tradingeconomics.com/aruba/rating
ABW,Aruba,aruba,S&P,Mar 19 2024,2024-03-19,BBB,Positive,government_long_term,Trading Economics public website,https://tradingeconomics.com/aruba/rating
ABW,Aruba,aruba,S&P,Mar 15 2021,2021-03-15,BBB,Stable,government_long_term,Trading Economics public website,https://tradingeconomics.com/aruba/rating
ABW,Aruba,aruba,S&P,Apr 16 2020,2020-04-16,BBB+,Negative,government_long_term,Trading Economics public website,https://tradingeconomics.com/aruba/rating
ABW,Aruba,aruba,S&P,Aug 06 2019,2019-08-06,BBB+,Stable,government_long_term,Trading Economics public website,https://tradingeconomics.com/aruba/rating
ABW,Aruba,aruba,S&P,Jun 25 2018,2018-06-25,BBB+,Negative,government_long_term,Trading Economics public website,https://tradingeconomics.com/aruba/rating
ABW,Aruba,aruba,S&P,Jun 14 2017,2017-06-14,BBB+,Stable,government_long_term,Trading Economics public website,https://tradingeconomics.com/aruba/rating
ABW,Aruba,aruba,S&P,Jun 06 2016,2016-06-06,BBB+,Positive,government_long_term,Trading Economics public website,https://tradingeconomics.com/aruba/rating
ABW,Aruba,aruba,S&P,Jun 14 2013,2013-06-14,BBB+,Stable,government_long_term,Trading Economics public website,https://tradingeconomics.com/aruba/rating
ABW,Aruba,aruba,S&P,Aug 24 2012,2012-08-24,A-,Negative,government_long_term,Trading Economics public website,https://tradingeconomics.com/aruba/rating
ABW,Aruba,aruba,S&P,Nov 17 2011,2011-11-17,A-,Stable,government_long_term,Trading Economics public website,https://tradingeconomics.com/aruba/rating
ABW,Aruba,aruba,S&P,Nov 02 2010,2010-11-02,A-,Negative,government_long_term,Trading Economics public website,https://tradingeconomics.com/aruba/rating
BMU,Bermuda,bermuda,Moody's,May 08 2026,2026-05-08,A1,Stable,government_long_term,Trading Economics public website,https://tradingeconomics.com/bermuda/rating
BMU,Bermuda,bermuda,S&P,May 04 2026,2026-05-04,A+,Positive,government_long_term,Trading Economics public website,https://tradingeconomics.com/bermuda/rating
BMU,Bermuda,bermuda,S&P,Apr 16 2020,,A+,Stable,government_long_term,Trading Economics public website,https://tradingeconomics.com/bermuda/rating
BMU,Bermuda,bermuda,S&P,Apr 26 2018,,A+,Positive,government_long_term,Trading Economics public website,https://tradingeconomics.com/bermuda/rating
BMU,Bermuda,bermuda,Moody's,Jun 03 2016,,A2,Stable,government_long_term,Trading Economics public website,https://tradingeconomics.com/bermuda/rating
BMU,Bermuda,bermuda,S&P,Apr 28 2015,,A+,Stable,government_long_term,Trading Economics public website,https://tradingeconomics.com/bermuda/rating
BMU,Bermuda,bermuda,Moody's,May 19 2014,2014-05-19,A1,Stable,government_long_term,Trading Economics public website,https://tradingeconomics.com/bermuda/rating
BMU,Bermuda,bermuda,Moody's,May 16 2013,2013-05-16,Aa3,Negative,government_long_term,Trading Economics public website,https://tradingeconomics.com/bermuda/rating
BMU,Bermuda,bermuda,Moody's,Apr 03 2013,,Aa2,Negative Watch,government_long_term,Trading Economics public website,https://tradingeconomics.com/bermuda/rating
BMU,Bermuda,bermuda,S&P,Mar 28 2013,,AA-,Negative,government_long_term,Trading Economics public website,https://tradingeconomics.com/bermuda/rating
BMU,Bermuda,bermuda,S&P,Dec 29 2011,,AA-,Stable,government_long_term,Trading Economics public website,https://tradingeconomics.com/bermuda/rating
BMU,Bermuda,bermuda,S&P,Sep 07 2010,,AA,Stable,government_long_term,Trading Economics public website,https://tradingeconomics.com/bermuda/rating
BMU,Bermuda,bermuda,Moody's,Apr 29 2009,,Aa2,Stable,government_long_term,Trading Economics public website,https://tradingeconomics.com/bermuda/rating
BMU,Bermuda,bermuda,Moody's,Mar 16 2009,,Aa1,Negative Watch,government_long_term,Trading Economics public website,https://tradingeconomics.com/bermuda/rating
BMU,Bermuda,bermuda,Moody's,Jan 10 1994,,Aa1,Stable,government_long_term,Trading Economics public website,https://tradingeconomics.com/bermuda/rating
CYM,Cayman Islands,cayman-islands,Moody's,Dec 16 1997,1997-12-16,Aa3,Stable,government_long_term,Trading Economics public website,https://tradingeconomics.com/cayman-islands/rating
TCD,Chad,chad,S&P,Oct 28 2024,2024-10-28,B-,Stable,government_long_term,Trading Economics public website,https://tradingeconomics.com/chad/rating
SWZ,Eswatini,swaziland,Moody's,Nov 25 2024,2024-11-25,B2,Stable,government_long_term,Trading Economics public website,https://tradingeconomics.com/swaziland/rating
SWZ,Eswatini,swaziland,Moody's,Dec 01 2023,2023-12-01,B3,Positive,government_long_term,Trading Economics public website,https://tradingeconomics.com/swaziland/rating
SWZ,Eswatini,swaziland,Moody's,Jul 20 2020,2020-07-20,B3,Stable,government_long_term,Trading Economics public website,https://tradingeconomics.com/swaziland/rating
SWZ,Eswatini,swaziland,Moody's,Mar 10 2020,2020-03-10,B2,Negative,government_long_term,Trading Economics public website,https://tradingeconomics.com/swaziland/rating
SWZ,Eswatini,swaziland,Moody's,Oct 27 2017,2017-10-27,B2,Negative,government_long_term,Trading Economics public website,https://tradingeconomics.com/swaziland/rating
GIN,Guinea,guinea,S&P,Mar 13 2026,2026-03-13,B+,Positive,government_long_term,Trading Economics public website,https://tradingeconomics.com/guinea/rating
GIN,Guinea,guinea,S&P,Sep 18 2025,2025-09-18,B+,Stable,government_long_term,Trading Economics public website,https://tradingeconomics.com/guinea/rating
IMN,Isle of Man,isle-of-man,Moody's,Oct 27 2023,2023-10-27,Aa3,Stable,government_long_term,Trading Economics public website,https://tradingeconomics.com/isle-of-man/rating
IMN,Isle of Man,isle-of-man,Moody's,Oct 28 2022,2022-10-28,Aa3,Negative,government_long_term,Trading Economics public website,https://tradingeconomics.com/isle-of-man/rating
IMN,Isle of Man,isle-of-man,Moody's,Oct 23 2020,2020-10-23,Aa3,Stable,government_long_term,Trading Economics public website,https://tradingeconomics.com/isle-of-man/rating
IMN,Isle of Man,isle-of-man,Moody's,Nov 16 2019,2019-11-16,Aa2,Negative,government_long_term,Trading Economics public website,https://tradingeconomics.com/isle-of-man/rating
IMN,Isle of Man,isle-of-man,Moody's,Sep 29 2017,2017-09-29,Aa2,Stable,government_long_term,Trading Economics public website,https://tradingeconomics.com/isle-of-man/rating
IMN,Isle of Man,isle-of-man,Moody's,Jun 29 2016,2016-06-29,Aa1,Negative,government_long_term,Trading Economics public website,https://tradingeconomics.com/isle-of-man/rating
IMN,Isle of Man,isle-of-man,S&P,Feb 22 2014,2014-02-22,,,government_long_term,Trading Economics public website,https://tradingeconomics.com/isle-of-man/rating
IMN,Isle of Man,isle-of-man,S&P,Feb 21 2014,2014-02-21,AA,Stable,government_long_term,Trading Economics public website,https://tradingeconomics.com/isle-of-man/rating
IMN,Isle of Man,isle-of-man,Moody's,Dec 16 2013,2013-12-16,Aa1,Stable,government_long_term,Trading Economics public website,https://tradingeconomics.com/isle-of-man/rating
IMN,Isle of Man,isle-of-man,Moody's,Jul 26 2013,2013-07-26,Aaa,Negative Watch,government_long_term,Trading Economics public website,https://tradingeconomics.com/isle-of-man/rating
IMN,Isle of Man,isle-of-man,S&P,Nov 29 2011,2011-11-29,AA+,Stable,government_long_term,Trading Economics public website,https://tradingeconomics.com/isle-of-man/rating
IMN,Isle of Man,isle-of-man,Moody's,Nov 11 2010,2010-11-11,Aaa,Stable,government_long_term,Trading Economics public website,https://tradingeconomics.com/isle-of-man/rating
IMN,Isle of Man,isle-of-man,Moody's,Oct 21 2009,2009-10-21,Aaa,Negative Watch,government_long_term,Trading Economics public website,https://tradingeconomics.com/isle-of-man/rating
IMN,Isle of Man,isle-of-man,Moody's,Dec 16 1997,1997-12-16,Aaa,Stable,government_long_term,Trading Economics public website,https://tradingeconomics.com/isle-of-man/rating
KGZ,Kyrgyz Republic,kyrgyzstan,Moody's,Jul 11 2025,2025-07-11,B3,Positive,government_long_term,Trading Economics public website,https://tradingeconomics.com/kyrgyzstan/rating
KGZ,Kyrgyz Republic,kyrgyzstan,S&P,Mar 28 2025,2025-03-28,B+,Stable,government_long_term,Trading Economics public website,https://tradingeconomics.com/kyrgyzstan/rating
KGZ,Kyrgyz Republic,kyrgyzstan,Moody's,May 17 2024,2024-05-17,B3,Stable,government_long_term,Trading Economics public website,https://tradingeconomics.com/kyrgyzstan/rating
KGZ,Kyrgyz Republic,kyrgyzstan,Moody's,Oct 17 2022,2022-10-17,B3,Negative,government_long_term,Trading Economics public website,https://tradingeconomics.com/kyrgyzstan/rating
KGZ,Kyrgyz Republic,kyrgyzstan,Moody's,Mar 24 2022,2022-03-24,B3,Under Review,government_long_term,Trading Economics public website,https://tradingeconomics.com/kyrgyzstan/rating
KGZ,Kyrgyz Republic,kyrgyzstan,Moody's,Jan 25 2022,2022-01-25,B3,Stable,government_long_term,Trading Economics public website,https://tradingeconomics.com/kyrgyzstan/rating
KGZ,Kyrgyz Republic,kyrgyzstan,Moody's,Nov 26 2020,2020-11-26,B2,Negative,government_long_term,Trading Economics public website,https://tradingeconomics.com/kyrgyzstan/rating
KGZ,Kyrgyz Republic,kyrgyzstan,S&P,Sep 23 2016,2016-09-23,NR,,government_long_term,Trading Economics public website,https://tradingeconomics.com/kyrgyzstan/rating
KGZ,Kyrgyz Republic,kyrgyzstan,S&P,Dec 10 2015,2015-12-10,B,Stable,government_long_term,Trading Economics public website,https://tradingeconomics.com/kyrgyzstan/rating
KGZ,Kyrgyz Republic,kyrgyzstan,Moody's,Dec 09 2015,2015-12-09,B2,Stable,government_long_term,Trading Economics public website,https://tradingeconomics.com/kyrgyzstan/rating
MAC,"Macao SAR, China",macau,Moody's,Apr 28 2026,2026-04-28,Aa3,Stable,government_long_term,Trading Economics public website,https://tradingeconomics.com/macau/rating
MAC,"Macao SAR, China",macau,Moody's,Dec 06 2023,2023-12-06,Aa3,Negative,government_long_term,Trading Economics public website,https://tradingeconomics.com/macau/rating
MAC,"Macao SAR, China",macau,Moody's,May 24 2017,2017-05-24,Aa3,Stable,government_long_term,Trading Economics public website,https://tradingeconomics.com/macau/rating
MAC,"Macao SAR, China",macau,Moody's,May 25 2016,2016-05-25,Aa3,Negative,government_long_term,Trading Economics public website,https://tradingeconomics.com/macau/rating
MAC,"Macao SAR, China",macau,Moody's,Mar 11 2016,2016-03-11,Aa2,Negative Watch,government_long_term,Trading Economics public website,https://tradingeconomics.com/macau/rating
MAC,"Macao SAR, China",macau,Moody's,Mar 02 2014,2014-03-02,Aa2,Stable,government_long_term,Trading Economics public website,https://tradingeconomics.com/macau/rating
MAC,"Macao SAR, China",macau,Moody's,Jul 26 2007,2007-07-26,Aa3,Stable,government_long_term,Trading Economics public website,https://tradingeconomics.com/macau/rating
MAC,"Macao SAR, China",macau,Moody's,May 30 2007,2007-05-30,A1,Positive Watch,government_long_term,Trading Economics public website,https://tradingeconomics.com/macau/rating
MAC,"Macao SAR, China",macau,Moody's,Jul 06 2006,2006-07-06,A1,Positive,government_long_term,Trading Economics public website,https://tradingeconomics.com/macau/rating
MAC,"Macao SAR, China",macau,Moody's,Oct 15 2003,2003-10-15,A1,Stable,government_long_term,Trading Economics public website,https://tradingeconomics.com/macau/rating
MAC,"Macao SAR, China",macau,Moody's,Sep 21 2003,2003-09-21,A3,Positive Watch,government_long_term,Trading Economics public website,https://tradingeconomics.com/macau/rating
MAC,"Macao SAR, China",macau,Moody's,Feb 09 2003,2003-02-09,A3,Positive,government_long_term,Trading Economics public website,https://tradingeconomics.com/macau/rating
MAC,"Macao SAR, China",macau,Moody's,Nov 03 1997,1997-11-03,Baa1,Stable,government_long_term,Trading Economics public website,https://tradingeconomics.com/macau/rating
MDG,Madagascar,madagascar,S&P,Jan 23 2026,2026-01-23,B-,Stable,government_long_term,Trading Economics public website,https://tradingeconomics.com/madagascar/rating
MDG,Madagascar,madagascar,S&P,Oct 17 2025,2025-10-17,B-,Negative Watch,government_long_term,Trading Economics public website,https://tradingeconomics.com/madagascar/rating
MDG,Madagascar,madagascar,S&P,Oct 07 2022,2022-10-07,B-,Stable,government_long_term,Trading Economics public website,https://tradingeconomics.com/madagascar/rating
MDG,Madagascar,madagascar,S&P,Apr 11 2022,2022-04-11,B-,Positive,government_long_term,Trading Economics public website,https://tradingeconomics.com/madagascar/rating
NER,Niger,niger,Moody's,Feb 09 2024,2024-02-09,Caa3,Stable,government_long_term,Trading Economics public website,https://tradingeconomics.com/niger/rating
NER,Niger,niger,Moody's,Oct 31 2023,2023-10-31,Caa2,Negative,government_long_term,Trading Economics public website,https://tradingeconomics.com/niger/rating
NER,Niger,niger,Moody's,Aug 02 2023,2023-08-02,Caa2,Under Review,government_long_term,Trading Economics public website,https://tradingeconomics.com/niger/rating
NER,Niger,niger,Moody's,Aug 06 2019,2019-08-06,B3,Stable,government_long_term,Trading Economics public website,https://tradingeconomics.com/niger/rating
PRI,Puerto Rico (US),puerto-rico,S&P,Aug 03 2015,2015-08-03,D,Negative,government_long_term,Trading Economics public website,https://tradingeconomics.com/puerto-rico/rating
SLB,Solomon Islands,solomon-islands,Moody's,Oct 08 2021,2021-10-08,Caa1,Stable,government_long_term,Trading Economics public website,https://tradingeconomics.com/solomon-islands/rating
SLB,Solomon Islands,solomon-islands,Moody's,Nov 26 2015,2015-11-26,B3,Stable,government_long_term,Trading Economics public website,https://tradingeconomics.com/solomon-islands/rating
TJK,Tajikistan,tajikistan,Moody's,Mar 05 2026,2026-03-05,B2,Stable,government_long_term,Trading Economics public website,https://tradingeconomics.com/tajikistan/rating
TJK,Tajikistan,tajikistan,S&P,Feb 13 2026,2026-02-13,B,Positive,government_long_term,Trading Economics public website,https://tradingeconomics.com/tajikistan/rating
TJK,Tajikistan,tajikistan,Moody's,Sep 26 2024,2024-09-26,B3,Positive,government_long_term,Trading Economics public website,https://tradingeconomics.com/tajikistan/rating
TJK,Tajikistan,tajikistan,S&P,Aug 16 2024,2024-08-16,B,Stable,government_long_term,Trading Economics public website,https://tradingeconomics.com/tajikistan/rating
TJK,Tajikistan,tajikistan,Moody's,Oct 12 2023,2023-10-12,B3,Stable,government_long_term,Trading Economics public website,https://tradingeconomics.com/tajikistan/rating
TJK,Tajikistan,tajikistan,Moody's,Oct 17 2022,2022-10-17,B3,Negative,government_long_term,Trading Economics public website,https://tradingeconomics.com/tajikistan/rating
TJK,Tajikistan,tajikistan,Moody's,Mar 30 2022,2022-03-30,B3,Under Review,government_long_term,Trading Economics public website,https://tradingeconomics.com/tajikistan/rating
TJK,Tajikistan,tajikistan,Moody's,Jun 10 2021,2021-06-10,B3,Stable,government_long_term,Trading Economics public website,https://tradingeconomics.com/tajikistan/rating
TJK,Tajikistan,tajikistan,Moody's,Dec 10 2018,2018-12-10,B3,Negative,government_long_term,Trading Economics public website,https://tradingeconomics.com/tajikistan/rating
TJK,Tajikistan,tajikistan,Moody's,Aug 28 2017,2017-08-28,B3,Stable,government_long_term,Trading Economics public website,https://tradingeconomics.com/tajikistan/rating
TJK,Tajikistan,tajikistan,S&P,Aug 28 2017,2017-08-28,B-,Stable,government_long_term,Trading Economics public website,https://tradingeconomics.com/tajikistan/rating
TZA,Tanzania,tanzania,Moody's,Mar 22 2024,2024-03-22,B1,Stable,government_long_term,Trading Economics public website,https://tradingeconomics.com/tanzania/rating
TZA,Tanzania,tanzania,Moody's,Oct 07 2022,2022-10-07,B2,Positive,government_long_term,Trading Economics public website,https://tradingeconomics.com/tanzania/rating
TZA,Tanzania,tanzania,Moody's,Aug 21 2020,2020-08-21,B2,Stable,government_long_term,Trading Economics public website,https://tradingeconomics.com/tanzania/rating
TZA,Tanzania,tanzania,Moody's,Mar 02 2018,2018-03-02,B1,Negative,government_long_term,Trading Economics public website,https://tradingeconomics.com/tanzania/rating
TGO,Togo,togo,S&P,Apr 18 2025,2025-04-18,B+,Stable,government_long_term,Trading Economics public website,https://tradingeconomics.com/togo/rating
TGO,Togo,togo,Moody's,Sep 27 2024,2024-09-27,B3,Stable,government_long_term,Trading Economics public website,https://tradingeconomics.com/togo/rating
TGO,Togo,togo,S&P,Sep 13 2024,2024-09-13,B,Positive,government_long_term,Trading Economics public website,https://tradingeconomics.com/togo/rating
TGO,Togo,togo,Moody's,May 26 2023,2023-05-26,B3,Negative,government_long_term,Trading Economics public website,https://tradingeconomics.com/togo/rating
TGO,Togo,togo,Moody's,Jun 05 2019,2019-06-05,B3,Stable,government_long_term,Trading Economics public website,https://tradingeconomics.com/togo/rating
TGO,Togo,togo,S&P,Jun 01 2019,2019-06-01,B,Stable,government_long_term,Trading Economics public website,https://tradingeconomics.com/togo/rating
