iso3,year,global_competitiveness_index
AGO,2010,2.93
AGO,2011,2.96
AGO,2013,3.15
AGO,2014,3.04
ALB,2007,3.48
ALB,2008,3.55
ALB,2009,3.72
ALB,2010,3.94
ALB,2011,4.06
ALB,2012,3.91
ALB,2013,3.85
ALB,2014,3.84
ALB,2015,3.93
ALB,2016,4.06
ALB,2017,4.18
ARE,2007,4.5
ARE,2008,4.68
ARE,2009,4.92
ARE,2010,4.89
ARE,2011,4.89
ARE,2012,5.07
ARE,2013,5.11
ARE,2014,5.33
ARE,2015,5.24
ARE,2016,5.26
ARE,2017,5.3
ARG,2007,3.87
ARG,2008,3.87
ARG,2009,3.91
ARG,2010,3.95
ARG,2011,3.99
ARG,2012,3.87
ARG,2013,3.76
ARG,2014,3.79
ARG,2015,3.79
ARG,2016,3.81
ARG,2017,3.95
ARM,2007,3.76
ARM,2008,3.73
ARM,2009,3.71
ARM,2010,3.76
ARM,2011,3.89
ARM,2012,4.02
ARM,2013,4.1
ARM,2014,4.01
ARM,2015,4.01
ARM,2016,4.07
ARM,2017,4.19
AUS,2007,5.17
AUS,2008,5.2
AUS,2009,5.15
AUS,2010,5.11
AUS,2011,5.11
AUS,2012,5.12
AUS,2013,5.09
AUS,2014,5.08
AUS,2015,5.15
AUS,2016,5.19
AUS,2017,5.19
AUT,2007,5.23
AUT,2008,5.23
AUT,2009,5.13
AUT,2010,5.09
AUT,2011,5.14
AUT,2012,5.22
AUT,2013,5.15
AUT,2014,5.16
AUT,2015,5.12
AUT,2016,5.22
AUT,2017,5.25
AZE,2007,4.07
AZE,2008,4.1
AZE,2009,4.3
AZE,2010,4.29
AZE,2011,4.31
AZE,2012,4.41
AZE,2013,4.51
AZE,2014,4.53
AZE,2015,4.5
AZE,2016,4.55
AZE,2017,4.69
BDI,2007,2.84
BDI,2008,2.98
BDI,2009,2.58
BDI,2010,2.96
BDI,2011,2.95
BDI,2012,2.78
BDI,2013,2.92
BDI,2014,3.09
BDI,2015,3.11
BDI,2016,3.06
BDI,2017,3.21
BEL,2007,5.1
BEL,2008,5.14
BEL,2009,5.09
BEL,2010,5.07
BEL,2011,5.2
BEL,2012,5.21
BEL,2013,5.13
BEL,2014,5.18
BEL,2015,5.2
BEL,2016,5.25
BEL,2017,5.23
BEN,2007,3.49
BEN,2008,3.56
BEN,2009,3.56
BEN,2010,3.69
BEN,2011,3.78
BEN,2012,3.61
BEN,2013,3.45
BEN,2015,3.55
BEN,2016,3.47
BEN,2017,3.47
BFA,2007,3.43
BFA,2008,3.36
BFA,2009,3.23
BFA,2010,3.2
BFA,2011,3.25
BFA,2012,3.34
BFA,2013,3.21
BFA,2014,3.21
BGD,2007,3.55
BGD,2008,3.51
BGD,2009,3.55
BGD,2010,3.64
BGD,2011,3.73
BGD,2012,3.65
BGD,2013,3.71
BGD,2014,3.72
BGD,2015,3.76
BGD,2016,3.8
BGD,2017,3.91
BGR,2007,3.93
BGR,2008,4.03
BGR,2009,4.02
BGR,2010,4.13
BGR,2011,4.16
BGR,2012,4.27
BGR,2013,4.31
BGR,2014,4.37
BGR,2015,4.32
BGR,2016,4.44
BGR,2017,4.46
BHR,2007,4.42
BHR,2008,4.57
BHR,2009,4.54
BHR,2010,4.54
BHR,2011,4.54
BHR,2012,4.63
BHR,2013,4.45
BHR,2014,4.48
BHR,2015,4.52
BHR,2016,4.47
BHR,2017,4.54
BIH,2007,3.55
BIH,2008,3.56
BIH,2009,3.53
BIH,2010,3.7
BIH,2011,3.83
BIH,2012,3.93
BIH,2013,4.02
BIH,2015,3.71
BIH,2016,3.8
BIH,2017,3.87
BLZ,2011,3.52
BOL,2007,3.55
BOL,2008,3.42
BOL,2009,3.42
BOL,2010,3.64
BOL,2011,3.82
BOL,2012,3.78
BOL,2013,3.84
BOL,2014,3.77
BOL,2015,3.6
BOL,2016,3.54
BRA,2007,3.99
BRA,2008,4.13
BRA,2009,4.23
BRA,2010,4.28
BRA,2011,4.32
BRA,2012,4.4
BRA,2013,4.33
BRA,2014,4.34
BRA,2015,4.08
BRA,2016,4.06
BRA,2017,4.14
BRB,2007,4.32
BRB,2008,4.4
BRB,2009,4.35
BRB,2010,4.45
BRB,2011,4.44
BRB,2012,4.42
BRB,2013,4.42
BRB,2014,4.36
BRB,2016,4.19
BRN,2008,4.54
BRN,2009,4.64
BRN,2010,4.75
BRN,2011,4.78
BRN,2012,4.87
BRN,2013,4.95
BRN,2016,4.35
BRN,2017,4.52
BTN,2013,3.73
BTN,2014,3.8
BTN,2015,3.8
BTN,2016,3.87
BTN,2017,4.1
BWA,2007,3.96
BWA,2008,4.25
BWA,2009,4.08
BWA,2010,4.05
BWA,2011,4.05
BWA,2012,4.06
BWA,2013,4.13
BWA,2014,4.15
BWA,2015,4.19
BWA,2016,4.29
BWA,2017,4.3
CAN,2007,5.34
CAN,2008,5.37
CAN,2009,5.33
CAN,2010,5.3
CAN,2011,5.33
CAN,2012,5.27
CAN,2013,5.2
CAN,2014,5.24
CAN,2015,5.31
CAN,2016,5.27
CAN,2017,5.35
CHE,2007,5.62
CHE,2008,5.61
CHE,2009,5.6
CHE,2010,5.63
CHE,2011,5.74
CHE,2012,5.72
CHE,2013,5.67
CHE,2014,5.7
CHE,2015,5.76
CHE,2016,5.81
CHE,2017,5.86
CHL,2007,4.77
CHL,2008,4.72
CHL,2009,4.7
CHL,2010,4.69
CHL,2011,4.7
CHL,2012,4.65
CHL,2013,4.61
CHL,2014,4.6
CHL,2015,4.58
CHL,2016,4.64
CHL,2017,4.71
CHN,2007,4.57
CHN,2008,4.7
CHN,2009,4.74
CHN,2010,4.84
CHN,2011,4.9
CHN,2012,4.83
CHN,2013,4.84
CHN,2014,4.89
CHN,2015,4.89
CHN,2016,4.95
CHN,2017,5.0
CIV,2008,3.51
CIV,2009,3.43
CIV,2010,3.35
CIV,2011,3.37
CIV,2012,3.36
CIV,2013,3.5
CIV,2014,3.67
CIV,2015,3.93
CIV,2016,3.86
CMR,2007,3.37
CMR,2008,3.48
CMR,2009,3.5
CMR,2010,3.58
CMR,2011,3.61
CMR,2012,3.69
CMR,2013,3.68
CMR,2014,3.66
CMR,2015,3.69
CMR,2016,3.58
CMR,2017,3.65
COD,2016,3.29
COD,2017,3.27
COL,2007,4.04
COL,2008,4.05
COL,2009,4.05
COL,2010,4.14
COL,2011,4.2
COL,2012,4.18
COL,2013,4.19
COL,2014,4.23
COL,2015,4.28
COL,2016,4.3
COL,2017,4.29
CPV,2010,3.51
CPV,2011,3.58
CPV,2012,3.55
CPV,2013,3.53
CPV,2014,3.68
CPV,2015,3.7
CPV,2016,3.76
CPV,2017,3.76
CRI,2007,4.11
CRI,2008,4.23
CRI,2009,4.25
CRI,2010,4.31
CRI,2011,4.27
CRI,2012,4.34
CRI,2013,4.35
CRI,2014,4.42
CRI,2015,4.33
CRI,2016,4.41
CRI,2017,4.5
CYP,2007,4.23
CYP,2008,4.53
CYP,2009,4.57
CYP,2010,4.5
CYP,2011,4.36
CYP,2012,4.32
CYP,2013,4.3
CYP,2014,4.31
CYP,2015,4.23
CYP,2016,4.04
CYP,2017,4.3
CZE,2007,4.58
CZE,2008,4.62
CZE,2009,4.67
CZE,2010,4.57
CZE,2011,4.52
CZE,2012,4.51
CZE,2013,4.43
CZE,2014,4.53
CZE,2015,4.69
CZE,2016,4.72
CZE,2017,4.77
DEU,2007,5.51
DEU,2008,5.46
DEU,2009,5.37
DEU,2010,5.39
DEU,2011,5.41
DEU,2012,5.48
DEU,2013,5.51
DEU,2014,5.49
DEU,2015,5.53
DEU,2016,5.57
DEU,2017,5.65
DNK,2007,5.55
DNK,2008,5.58
DNK,2009,5.46
DNK,2010,5.32
DNK,2011,5.4
DNK,2012,5.29
DNK,2013,5.18
DNK,2014,5.29
DNK,2015,5.33
DNK,2016,5.35
DNK,2017,5.39
DOM,2007,3.65
DOM,2008,3.72
DOM,2009,3.75
DOM,2010,3.72
DOM,2011,3.73
DOM,2012,3.77
DOM,2013,3.76
DOM,2014,3.82
DOM,2015,3.86
DOM,2016,3.94
DOM,2017,3.87
DZA,2007,3.91
DZA,2008,3.71
DZA,2009,3.95
DZA,2010,3.96
DZA,2011,3.96
DZA,2012,3.72
DZA,2013,3.79
DZA,2014,4.08
DZA,2015,3.97
DZA,2016,3.98
DZA,2017,4.07
ECU,2007,3.57
ECU,2008,3.58
ECU,2009,3.56
ECU,2010,3.65
ECU,2011,3.82
ECU,2012,3.94
ECU,2013,4.18
ECU,2015,4.07
ECU,2016,3.96
ECU,2017,3.91
EGY,2007,3.96
EGY,2008,3.98
EGY,2009,4.04
EGY,2010,4.0
EGY,2011,3.88
EGY,2012,3.73
EGY,2013,3.63
EGY,2014,3.6
EGY,2015,3.66
EGY,2016,3.67
EGY,2017,3.9
ESP,2007,4.66
ESP,2008,4.72
ESP,2009,4.59
ESP,2010,4.49
ESP,2011,4.54
ESP,2012,4.6
ESP,2013,4.57
ESP,2014,4.55
ESP,2015,4.59
ESP,2016,4.68
ESP,2017,4.7
EST,2007,4.74
EST,2008,4.67
EST,2009,4.56
EST,2010,4.61
EST,2011,4.62
EST,2012,4.64
EST,2013,4.65
EST,2014,4.71
EST,2015,4.74
EST,2016,4.78
EST,2017,4.85
ETH,2007,3.28
ETH,2008,3.41
ETH,2009,3.43
ETH,2010,3.51
ETH,2011,3.76
ETH,2012,3.56
ETH,2013,3.5
ETH,2014,3.6
ETH,2015,3.74
ETH,2016,3.77
ETH,2017,3.78
FIN,2007,5.49
FIN,2008,5.5
FIN,2009,5.43
FIN,2010,5.37
FIN,2011,5.47
FIN,2012,5.55
FIN,2013,5.54
FIN,2014,5.5
FIN,2015,5.45
FIN,2016,5.44
FIN,2017,5.49
FRA,2007,5.18
FRA,2008,5.22
FRA,2009,5.13
FRA,2010,5.13
FRA,2011,5.14
FRA,2012,5.11
FRA,2013,5.05
FRA,2014,5.08
FRA,2015,5.13
FRA,2016,5.2
FRA,2017,5.18
GAB,2012,3.82
GAB,2013,3.7
GAB,2014,3.74
GAB,2015,3.83
GAB,2016,3.79
GBR,2007,5.41
GBR,2008,5.3
GBR,2009,5.19
GBR,2010,5.25
GBR,2011,5.39
GBR,2012,5.45
GBR,2013,5.37
GBR,2014,5.41
GBR,2015,5.43
GBR,2016,5.49
GBR,2017,5.51
GEO,2007,3.83
GEO,2008,3.86
GEO,2009,3.81
GEO,2010,3.86
GEO,2011,3.95
GEO,2012,4.07
GEO,2013,4.15
GEO,2014,4.22
GEO,2015,4.22
GEO,2016,4.32
GEO,2017,4.28
GHA,2008,3.62
GHA,2009,3.45
GHA,2010,3.56
GHA,2011,3.65
GHA,2012,3.79
GHA,2013,3.69
GHA,2014,3.71
GHA,2015,3.58
GHA,2016,3.68
GHA,2017,3.72
GIN,2012,2.9
GIN,2013,2.91
GIN,2014,2.79
GIN,2015,2.84
GIN,2017,3.47
GMB,2007,3.59
GMB,2008,3.88
GMB,2009,3.96
GMB,2010,3.9
GMB,2011,3.84
GMB,2012,3.83
GMB,2013,3.67
GMB,2014,3.53
GMB,2015,3.48
GMB,2016,3.47
GMB,2017,3.61
GRC,2007,4.08
GRC,2008,4.11
GRC,2009,4.04
GRC,2010,3.99
GRC,2011,3.92
GRC,2012,3.86
GRC,2013,3.93
GRC,2014,4.04
GRC,2015,4.02
GRC,2016,4.0
GRC,2017,4.02
GTM,2007,3.86
GTM,2008,3.94
GTM,2009,3.96
GTM,2010,4.04
GTM,2011,4.0
GTM,2012,4.01
GTM,2013,4.04
GTM,2014,4.1
GTM,2015,4.05
GTM,2016,4.08
GTM,2017,4.08
GUY,2007,3.25
GUY,2008,3.47
GUY,2009,3.56
GUY,2010,3.62
GUY,2011,3.73
GUY,2012,3.73
GUY,2013,3.77
GUY,2014,3.65
GUY,2015,3.56
HKG,2007,5.37
HKG,2008,5.33
HKG,2009,5.22
HKG,2010,5.3
HKG,2011,5.36
HKG,2012,5.41
HKG,2013,5.47
HKG,2014,5.46
HKG,2015,5.46
HKG,2016,5.48
HKG,2017,5.53
HND,2007,3.89
HND,2008,3.98
HND,2009,3.86
HND,2010,3.89
HND,2011,3.98
HND,2012,3.88
HND,2013,3.7
HND,2014,3.82
HND,2015,3.95
HND,2016,3.98
HND,2017,3.92
HRV,2007,4.2
HRV,2008,4.22
HRV,2009,4.03
HRV,2010,4.04
HRV,2011,4.08
HRV,2012,4.04
HRV,2013,4.13
HRV,2014,4.13
HRV,2015,4.07
HRV,2016,4.15
HRV,2017,4.19
HTI,2011,2.9
HTI,2012,2.9
HTI,2013,3.11
HTI,2014,3.14
HTI,2015,3.18
HTI,2017,3.22
HUN,2007,4.35
HUN,2008,4.22
HUN,2009,4.22
HUN,2010,4.33
HUN,2011,4.36
HUN,2012,4.3
HUN,2013,4.25
HUN,2014,4.28
HUN,2015,4.25
HUN,2016,4.2
HUN,2017,4.33
IDN,2007,4.24
IDN,2008,4.25
IDN,2009,4.26
IDN,2010,4.43
IDN,2011,4.38
IDN,2012,4.4
IDN,2013,4.53
IDN,2014,4.57
IDN,2015,4.52
IDN,2016,4.52
IDN,2017,4.68
IND,2007,4.33
IND,2008,4.33
IND,2009,4.3
IND,2010,4.33
IND,2011,4.3
IND,2012,4.32
IND,2013,4.28
IND,2014,4.21
IND,2015,4.31
IND,2016,4.52
IND,2017,4.59
IRL,2007,5.03
IRL,2008,4.99
IRL,2009,4.84
IRL,2010,4.74
IRL,2011,4.77
IRL,2012,4.91
IRL,2013,4.92
IRL,2014,4.98
IRL,2015,5.11
IRL,2016,5.18
IRL,2017,5.16
IRN,2010,4.14
IRN,2011,4.26
IRN,2012,4.22
IRN,2013,4.07
IRN,2014,4.03
IRN,2015,4.09
IRN,2016,4.12
IRN,2017,4.27
ISL,2007,5.02
ISL,2008,5.05
ISL,2009,4.8
ISL,2010,4.68
ISL,2011,4.75
ISL,2012,4.74
ISL,2013,4.66
ISL,2014,4.71
ISL,2015,4.83
ISL,2016,4.96
ISL,2017,4.99
ISR,2007,5.2
ISR,2008,4.97
ISR,2009,4.8
ISR,2010,4.91
ISR,2011,5.07
ISR,2012,5.02
ISR,2013,4.94
ISR,2014,4.95
ISR,2015,4.98
ISR,2016,5.18
ISR,2017,5.31
ITA,2007,4.36
ITA,2008,4.35
ITA,2009,4.31
ITA,2010,4.37
ITA,2011,4.43
ITA,2012,4.46
ITA,2013,4.41
ITA,2014,4.42
ITA,2015,4.46
ITA,2016,4.5
ITA,2017,4.54
JAM,2007,3.95
JAM,2008,3.89
JAM,2009,3.81
JAM,2010,3.85
JAM,2011,3.76
JAM,2012,3.84
JAM,2013,3.86
JAM,2014,3.98
JAM,2015,3.97
JAM,2016,4.13
JAM,2017,4.25
JOR,2007,4.32
JOR,2008,4.37
JOR,2009,4.3
JOR,2010,4.21
JOR,2011,4.19
JOR,2012,4.23
JOR,2013,4.2
JOR,2014,4.25
JOR,2015,4.23
JOR,2016,4.29
JOR,2017,4.3
JPN,2007,5.43
JPN,2008,5.38
JPN,2009,5.37
JPN,2010,5.37
JPN,2011,5.4
JPN,2012,5.4
JPN,2013,5.4
JPN,2014,5.47
JPN,2015,5.47
JPN,2016,5.48
JPN,2017,5.49
KAZ,2007,4.14
KAZ,2008,4.11
KAZ,2009,4.08
KAZ,2010,4.12
KAZ,2011,4.18
KAZ,2012,4.38
KAZ,2013,4.41
KAZ,2014,4.42
KAZ,2015,4.48
KAZ,2016,4.41
KAZ,2017,4.35
KEN,2007,3.61
KEN,2008,3.84
KEN,2009,3.67
KEN,2010,3.65
KEN,2011,3.82
KEN,2012,3.75
KEN,2013,3.85
KEN,2014,3.93
KEN,2015,3.85
KEN,2016,3.9
KEN,2017,3.98
KGZ,2007,3.34
KGZ,2008,3.4
KGZ,2009,3.36
KGZ,2010,3.49
KGZ,2011,3.45
KGZ,2012,3.44
KGZ,2013,3.57
KGZ,2014,3.73
KGZ,2015,3.83
KGZ,2016,3.75
KGZ,2017,3.9
KHM,2007,3.48
KHM,2008,3.53
KHM,2009,3.51
KHM,2010,3.63
KHM,2011,3.85
KHM,2012,4.01
KHM,2013,4.01
KHM,2014,3.89
KHM,2015,3.94
KHM,2016,3.98
KHM,2017,3.93
KOR,2007,5.4
KOR,2008,5.28
KOR,2009,5.0
KOR,2010,4.93
KOR,2011,5.02
KOR,2012,5.12
KOR,2013,5.01
KOR,2014,4.96
KOR,2015,4.99
KOR,2016,5.03
KOR,2017,5.07
KWT,2007,4.66
KWT,2008,4.58
KWT,2009,4.53
KWT,2010,4.59
KWT,2011,4.62
KWT,2012,4.56
KWT,2013,4.56
KWT,2014,4.51
KWT,2015,4.59
KWT,2016,4.53
KWT,2017,4.43
LAO,2013,4.08
LAO,2014,3.91
LAO,2015,4.0
LAO,2016,3.93
LAO,2017,3.91
LBN,2010,3.89
LBN,2011,3.95
LBN,2012,3.88
LBN,2013,3.77
LBN,2014,3.68
LBN,2015,3.84
LBN,2016,3.84
LBN,2017,3.84
LBR,2012,3.71
LBR,2013,3.45
LBR,2015,3.37
LBR,2016,3.21
LBR,2017,3.08
LBY,2007,3.85
LBY,2008,3.85
LBY,2009,3.9
LBY,2010,3.74
LBY,2012,3.68
LBY,2013,3.73
LBY,2014,3.48
LKA,2007,3.99
LKA,2008,4.02
LKA,2009,4.01
LKA,2010,4.25
LKA,2011,4.33
LKA,2012,4.19
LKA,2013,4.22
LKA,2014,4.19
LKA,2015,4.21
LKA,2016,4.19
LKA,2017,4.08
LSO,2007,3.27
LSO,2008,3.4
LSO,2009,3.54
LSO,2010,3.36
LSO,2011,3.26
LSO,2012,3.19
LSO,2013,3.52
LSO,2014,3.73
LSO,2015,3.7
LSO,2016,3.57
LSO,2017,3.2
LTU,2007,4.49
LTU,2008,4.45
LTU,2009,4.3
LTU,2010,4.38
LTU,2011,4.41
LTU,2012,4.41
LTU,2013,4.41
LTU,2014,4.51
LTU,2015,4.55
LTU,2016,4.6
LTU,2017,4.58
LUX,2007,4.88
LUX,2008,4.85
LUX,2009,4.96
LUX,2010,5.05
LUX,2011,5.03
LUX,2012,5.09
LUX,2013,5.09
LUX,2014,5.17
LUX,2015,5.2
LUX,2016,5.2
LUX,2017,5.23
LVA,2007,4.41
LVA,2008,4.26
LVA,2009,4.06
LVA,2010,4.14
LVA,2011,4.24
LVA,2012,4.35
LVA,2013,4.4
LVA,2014,4.5
LVA,2015,4.45
LVA,2016,4.45
LVA,2017,4.4
MAR,2007,4.08
MAR,2008,4.08
MAR,2009,4.03
MAR,2010,4.08
MAR,2011,4.16
MAR,2012,4.15
MAR,2013,4.11
MAR,2014,4.21
MAR,2015,4.16
MAR,2016,4.2
MAR,2017,4.24
MDA,2010,3.86
MDA,2011,3.89
MDA,2012,3.94
MDA,2013,3.94
MDA,2014,4.03
MDA,2015,4.0
MDA,2016,3.86
MDA,2017,3.99
MDG,2007,3.36
MDG,2008,3.38
MDG,2009,3.42
MDG,2010,3.46
MDG,2011,3.36
MDG,2012,3.38
MDG,2013,3.42
MDG,2014,3.41
MDG,2015,3.32
MDG,2016,3.33
MDG,2017,3.4
MEX,2007,4.26
MEX,2008,4.23
MEX,2009,4.19
MEX,2010,4.19
MEX,2011,4.29
MEX,2012,4.36
MEX,2013,4.34
MEX,2014,4.27
MEX,2015,4.29
MEX,2016,4.41
MEX,2017,4.44
MKD,2007,3.73
MKD,2008,3.87
MKD,2009,3.95
MKD,2010,4.02
MKD,2011,4.05
MKD,2012,4.04
MKD,2013,4.14
MKD,2014,4.26
MKD,2015,4.28
MKD,2016,4.23
MLI,2007,3.37
MLI,2008,3.43
MLI,2009,3.22
MLI,2010,3.28
MLI,2011,3.39
MLI,2012,3.43
MLI,2013,3.33
MLI,2014,3.43
MLI,2015,3.44
MLI,2016,3.46
MLI,2017,3.33
MLT,2007,4.21
MLT,2008,4.31
MLT,2009,4.3
MLT,2010,4.34
MLT,2011,4.33
MLT,2012,4.41
MLT,2013,4.5
MLT,2014,4.45
MLT,2015,4.39
MLT,2016,4.52
MLT,2017,4.65
MMR,2013,3.23
MMR,2014,3.24
MMR,2015,3.32
MNE,2007,3.91
MNE,2008,4.11
MNE,2009,4.16
MNE,2010,4.36
MNE,2011,4.27
MNE,2012,4.14
MNE,2013,4.2
MNE,2014,4.23
MNE,2015,4.2
MNE,2016,4.05
MNE,2017,4.15
MNG,2007,3.6
MNG,2008,3.65
MNG,2009,3.43
MNG,2010,3.75
MNG,2011,3.86
MNG,2012,3.87
MNG,2013,3.75
MNG,2014,3.83
MNG,2015,3.81
MNG,2016,3.84
MNG,2017,3.9
MOZ,2007,3.02
MOZ,2008,3.15
MOZ,2009,3.22
MOZ,2010,3.32
MOZ,2011,3.31
MOZ,2012,3.17
MOZ,2013,3.3
MOZ,2014,3.24
MOZ,2015,3.2
MOZ,2016,3.13
MOZ,2017,2.89
MRT,2007,3.26
MRT,2008,3.14
MRT,2009,3.25
MRT,2010,3.14
MRT,2011,3.2
MRT,2012,3.32
MRT,2013,3.19
MRT,2014,3.0
MRT,2015,3.03
MRT,2016,2.94
MRT,2017,3.09
MUS,2007,4.16
MUS,2008,4.25
MUS,2009,4.22
MUS,2010,4.32
MUS,2011,4.31
MUS,2012,4.35
MUS,2013,4.45
MUS,2014,4.52
MUS,2015,4.43
MUS,2016,4.49
MUS,2017,4.52
MWI,2008,3.42
MWI,2009,3.42
MWI,2010,3.45
MWI,2011,3.58
MWI,2012,3.38
MWI,2013,3.32
MWI,2014,3.25
MWI,2015,3.15
MWI,2016,3.08
MWI,2017,3.11
MYS,2007,5.1
MYS,2008,5.04
MYS,2009,4.87
MYS,2010,4.88
MYS,2011,5.08
MYS,2012,5.06
MYS,2013,5.03
MYS,2014,5.16
MYS,2015,5.23
MYS,2016,5.16
MYS,2017,5.17
NAM,2007,3.85
NAM,2008,3.99
NAM,2009,4.03
NAM,2010,4.09
NAM,2011,4.0
NAM,2012,3.88
NAM,2013,3.93
NAM,2014,3.96
NAM,2015,3.99
NAM,2016,4.02
NAM,2017,3.99
NGA,2007,3.69
NGA,2008,3.81
NGA,2009,3.65
NGA,2010,3.38
NGA,2011,3.45
NGA,2012,3.67
NGA,2013,3.57
NGA,2014,3.44
NGA,2015,3.46
NGA,2016,3.39
NGA,2017,3.3
NIC,2007,3.45
NIC,2008,3.41
NIC,2009,3.44
NIC,2010,3.57
NIC,2011,3.61
NIC,2012,3.73
NIC,2013,3.84
NIC,2014,3.82
NIC,2015,3.75
NIC,2016,3.81
NIC,2017,3.95
NLD,2007,5.4
NLD,2008,5.41
NLD,2009,5.32
NLD,2010,5.33
NLD,2011,5.41
NLD,2012,5.5
NLD,2013,5.42
NLD,2014,5.45
NLD,2015,5.5
NLD,2016,5.57
NLD,2017,5.66
NOR,2007,5.2
NOR,2008,5.22
NOR,2009,5.17
NOR,2010,5.14
NOR,2011,5.18
NOR,2012,5.27
NOR,2013,5.33
NOR,2014,5.35
NOR,2015,5.41
NOR,2016,5.44
NOR,2017,5.4
NPL,2007,3.38
NPL,2008,3.37
NPL,2009,3.34
NPL,2010,3.34
NPL,2011,3.47
NPL,2012,3.49
NPL,2013,3.66
NPL,2014,3.81
NPL,2015,3.85
NPL,2016,3.87
NPL,2017,4.02
NZL,2007,4.98
NZL,2008,4.93
NZL,2009,4.98
NZL,2010,4.92
NZL,2011,4.93
NZL,2012,5.09
NZL,2013,5.11
NZL,2014,5.2
NZL,2015,5.25
NZL,2016,5.31
NZL,2017,5.37
OMN,2007,4.43
OMN,2008,4.55
OMN,2009,4.49
OMN,2010,4.61
OMN,2011,4.64
OMN,2012,4.65
OMN,2013,4.64
OMN,2014,4.46
OMN,2015,4.25
OMN,2016,4.28
OMN,2017,4.31
PAK,2007,3.77
PAK,2008,3.65
PAK,2009,3.58
PAK,2010,3.48
PAK,2011,3.58
PAK,2012,3.52
PAK,2013,3.41
PAK,2014,3.42
PAK,2015,3.45
PAK,2016,3.49
PAK,2017,3.67
PAN,2007,4.18
PAN,2008,4.24
PAN,2009,4.21
PAN,2010,4.33
PAN,2011,4.35
PAN,2012,4.49
PAN,2013,4.5
PAN,2014,4.43
PAN,2015,4.38
PAN,2016,4.51
PAN,2017,4.44
PER,2007,3.87
PER,2008,3.95
PER,2009,4.01
PER,2010,4.11
PER,2011,4.21
PER,2012,4.28
PER,2013,4.25
PER,2014,4.24
PER,2015,4.21
PER,2016,4.23
PER,2017,4.22
PHL,2007,3.99
PHL,2008,4.09
PHL,2009,3.9
PHL,2010,3.96
PHL,2011,4.08
PHL,2012,4.23
PHL,2013,4.29
PHL,2014,4.4
PHL,2015,4.39
PHL,2016,4.36
PHL,2017,4.35
POL,2007,4.28
POL,2008,4.28
POL,2009,4.33
POL,2010,4.51
POL,2011,4.46
POL,2012,4.46
POL,2013,4.46
POL,2014,4.48
POL,2015,4.49
POL,2016,4.56
POL,2017,4.59
PRI,2007,4.5
PRI,2008,4.51
PRI,2009,4.48
PRI,2010,4.49
PRI,2011,4.58
PRI,2012,4.67
PRI,2013,4.67
PRI,2014,4.64
PRT,2007,4.48
PRT,2008,4.47
PRT,2009,4.4
PRT,2010,4.38
PRT,2011,4.4
PRT,2012,4.4
PRT,2013,4.4
PRT,2014,4.54
PRT,2015,4.52
PRT,2016,4.48
PRT,2017,4.57
PRY,2007,3.3
PRY,2008,3.4
PRY,2009,3.35
PRY,2010,3.49
PRY,2011,3.53
PRY,2012,3.67
PRY,2013,3.61
PRY,2014,3.59
PRY,2015,3.6
PRY,2016,3.65
PRY,2017,3.71
QAT,2007,4.63
QAT,2008,4.83
QAT,2009,4.95
QAT,2010,5.1
QAT,2011,5.24
QAT,2012,5.38
QAT,2013,5.24
QAT,2014,5.24
QAT,2015,5.3
QAT,2016,5.23
QAT,2017,5.11
ROU,2007,3.97
ROU,2008,4.1
ROU,2009,4.11
ROU,2010,4.16
ROU,2011,4.08
ROU,2012,4.07
ROU,2013,4.13
ROU,2014,4.3
ROU,2015,4.32
ROU,2016,4.3
ROU,2017,4.28
RUS,2007,4.19
RUS,2008,4.31
RUS,2009,4.15
RUS,2010,4.24
RUS,2011,4.21
RUS,2012,4.2
RUS,2013,4.25
RUS,2014,4.37
RUS,2015,4.44
RUS,2016,4.51
RUS,2017,4.64
RWA,2010,4.0
RWA,2011,4.19
RWA,2012,4.24
RWA,2013,4.21
RWA,2014,4.27
RWA,2015,4.29
RWA,2016,4.41
RWA,2017,4.35
SAU,2007,4.55
SAU,2008,4.72
SAU,2009,4.75
SAU,2010,4.95
SAU,2011,5.17
SAU,2012,5.19
SAU,2013,5.1
SAU,2014,5.06
SAU,2015,5.07
SAU,2016,4.84
SAU,2017,4.83
SEN,2007,3.61
SEN,2008,3.73
SEN,2009,3.78
SEN,2010,3.67
SEN,2011,3.7
SEN,2012,3.66
SEN,2013,3.7
SEN,2014,3.7
SEN,2015,3.73
SEN,2016,3.74
SEN,2017,3.81
SGP,2007,5.45
SGP,2008,5.53
SGP,2009,5.55
SGP,2010,5.48
SGP,2011,5.63
SGP,2012,5.67
SGP,2013,5.61
SGP,2014,5.65
SGP,2015,5.68
SGP,2016,5.72
SGP,2017,5.71
SLE,2012,2.82
SLE,2013,3.01
SLE,2014,3.1
SLE,2015,3.06
SLE,2016,3.16
SLE,2017,3.2
SLV,2007,4.05
SLV,2008,3.99
SLV,2009,4.02
SLV,2010,3.99
SLV,2011,3.89
SLV,2012,3.8
SLV,2013,3.84
SLV,2014,4.01
SLV,2015,3.87
SLV,2016,3.81
SLV,2017,3.77
SRB,2007,3.78
SRB,2008,3.9
SRB,2009,3.77
SRB,2010,3.84
SRB,2011,3.88
SRB,2012,3.87
SRB,2013,3.77
SRB,2014,3.9
SRB,2015,3.89
SRB,2016,3.97
SRB,2017,4.14
SUR,2011,3.67
SUR,2012,3.68
SUR,2013,3.75
SUR,2014,3.71
SVK,2007,4.45
SVK,2008,4.4
SVK,2009,4.31
SVK,2010,4.25
SVK,2011,4.19
SVK,2012,4.14
SVK,2013,4.1
SVK,2014,4.15
SVK,2015,4.22
SVK,2016,4.28
SVK,2017,4.33
SVN,2007,4.48
SVN,2008,4.5
SVN,2009,4.55
SVN,2010,4.42
SVN,2011,4.3
SVN,2012,4.34
SVN,2013,4.25
SVN,2014,4.22
SVN,2015,4.28
SVN,2016,4.39
SVN,2017,4.48
SWE,2007,5.54
SWE,2008,5.53
SWE,2009,5.51
SWE,2010,5.56
SWE,2011,5.61
SWE,2012,5.53
SWE,2013,5.48
SWE,2014,5.41
SWE,2015,5.43
SWE,2016,5.53
SWE,2017,5.52
SWZ,2010,3.4
SWZ,2011,3.3
SWZ,2012,3.28
SWZ,2013,3.52
SWZ,2014,3.55
SWZ,2015,3.4
SWZ,2017,3.35
SYC,2012,4.1
SYC,2013,4.1
SYC,2014,3.91
SYC,2015,3.86
SYC,2017,3.8
SYR,2007,3.91
SYR,2008,3.99
SYR,2009,3.76
SYR,2010,3.79
SYR,2011,3.85
TCD,2007,2.78
TCD,2008,2.85
TCD,2009,2.87
TCD,2010,2.73
TCD,2011,2.87
TCD,2012,3.05
TCD,2013,2.85
TCD,2014,2.85
TCD,2015,2.96
TCD,2016,2.95
TCD,2017,2.99
THA,2007,4.7
THA,2008,4.6
THA,2009,4.56
THA,2010,4.51
THA,2011,4.52
THA,2012,4.52
THA,2013,4.54
THA,2014,4.66
THA,2015,4.64
THA,2016,4.64
THA,2017,4.72
TJK,2007,3.37
TJK,2008,3.46
TJK,2009,3.38
TJK,2010,3.53
TJK,2011,3.77
TJK,2012,3.8
TJK,2014,3.93
TJK,2015,4.03
TJK,2016,4.12
TJK,2017,4.14
TLS,2007,3.2
TLS,2008,3.15
TLS,2009,3.26
TLS,2010,3.23
TLS,2011,3.35
TLS,2012,3.27
TLS,2013,3.25
TLS,2014,3.17
TTO,2007,3.88
TTO,2008,3.85
TTO,2009,3.91
TTO,2010,3.97
TTO,2011,4.0
TTO,2012,4.01
TTO,2013,3.91
TTO,2014,3.95
TTO,2015,3.94
TTO,2016,3.93
TTO,2017,4.09
TUN,2007,4.59
TUN,2008,4.58
TUN,2009,4.5
TUN,2010,4.65
TUN,2011,4.47
TUN,2013,4.06
TUN,2014,3.96
TUN,2015,3.93
TUN,2016,3.92
TUN,2017,3.93
TUR,2007,4.25
TUR,2008,4.15
TUR,2009,4.16
TUR,2010,4.25
TUR,2011,4.28
TUR,2012,4.45
TUR,2013,4.45
TUR,2014,4.46
TUR,2015,4.37
TUR,2016,4.39
TUR,2017,4.42
TZA,2007,3.56
TZA,2008,3.49
TZA,2009,3.59
TZA,2010,3.56
TZA,2011,3.56
TZA,2012,3.6
TZA,2013,3.5
TZA,2014,3.57
TZA,2015,3.57
TZA,2016,3.67
TZA,2017,3.71
UGA,2007,3.33
UGA,2008,3.35
UGA,2009,3.53
UGA,2010,3.51
UGA,2011,3.56
UGA,2012,3.53
UGA,2013,3.45
UGA,2014,3.56
UGA,2015,3.66
UGA,2016,3.69
UGA,2017,3.7
UKR,2007,3.98
UKR,2008,4.09
UKR,2009,3.95
UKR,2010,3.9
UKR,2011,4.0
UKR,2012,4.14
UKR,2013,4.05
UKR,2014,4.14
UKR,2015,4.03
UKR,2016,4.0
UKR,2017,4.11
URY,2007,3.97
URY,2008,4.04
URY,2009,4.1
URY,2010,4.23
URY,2011,4.25
URY,2012,4.13
URY,2013,4.05
URY,2014,4.04
URY,2015,4.09
URY,2016,4.17
URY,2017,4.15
USA,2007,5.67
USA,2008,5.74
USA,2009,5.59
USA,2010,5.43
USA,2011,5.43
USA,2012,5.47
USA,2013,5.48
USA,2014,5.54
USA,2015,5.61
USA,2016,5.7
USA,2017,5.85
VEN,2007,3.63
VEN,2008,3.56
VEN,2009,3.48
VEN,2010,3.48
VEN,2011,3.51
VEN,2012,3.46
VEN,2013,3.35
VEN,2014,3.32
VEN,2015,3.3
VEN,2016,3.27
VEN,2017,3.23
VNM,2007,4.04
VNM,2008,4.1
VNM,2009,4.03
VNM,2010,4.27
VNM,2011,4.24
VNM,2012,4.11
VNM,2013,4.18
VNM,2014,4.23
VNM,2015,4.3
VNM,2016,4.31
VNM,2017,4.36
YEM,2011,3.06
YEM,2012,2.97
YEM,2013,2.98
YEM,2014,2.96
YEM,2016,2.74
YEM,2017,2.87
ZAF,2007,4.42
ZAF,2008,4.41
ZAF,2009,4.34
ZAF,2010,4.32
ZAF,2011,4.34
ZAF,2012,4.37
ZAF,2013,4.37
ZAF,2014,4.35
ZAF,2015,4.39
ZAF,2016,4.47
ZAF,2017,4.32
ZMB,2007,3.29
ZMB,2008,3.49
ZMB,2009,3.5
ZMB,2010,3.55
ZMB,2011,3.67
ZMB,2012,3.8
ZMB,2013,3.86
ZMB,2014,3.86
ZMB,2015,3.87
ZMB,2016,3.6
ZMB,2017,3.52
ZWE,2007,2.88
ZWE,2008,2.88
ZWE,2009,2.77
ZWE,2010,3.03
ZWE,2011,3.33
ZWE,2012,3.34
ZWE,2013,3.44
ZWE,2014,3.54
ZWE,2015,3.45
ZWE,2016,3.41
ZWE,2017,3.32
